OIZ  M-LTD 19;7.499;EUR;/es-es/bicicletas/montana/oiz/cat/oiz-29-sp-m-ltd-19;
OIZ M-TEAM 19;6.999;EUR;/es-es/bicicletas/montana/oiz/cat/oiz-29-sp-m-team-19;
OIZ M10-TR 19;4.799;EUR;/es-es/bicicletas/montana/oiz/cat/oiz-29-sp-m10-tr-19;
OIZ  M10 19;4.599;EUR;/es-es/bicicletas/montana/oiz/cat/oiz-29-sp-m10-19;
OIZ  M30 19;3.599;EUR;/es-es/bicicletas/montana/oiz/cat/oiz-29-m30-19;
OIZ  M50 19;2.999;EUR;/es-es/bicicletas/montana/oiz/cat/oiz-29-m50-19;
OIZ OMR IL DPS R K 19;3.299;EUR;/es-es/bicicletas/montana/oiz/cat/oiz-29-sp-omr-il-dps-r-k-19;
ALMA  M-LTD 19;6.599;EUR;/es-es/bicicletas/montana/alma/cat/alma-29-m-ltd-19;
ALMA  M-TEAM 19;6.499;EUR;/es-es/bicicletas/montana/alma/cat/alma-29-m-team-19;
ALMA  M10 19;4.499;EUR;/es-es/bicicletas/montana/alma/cat/alma-29-m10-19;
ALMA  M15 19;3.599;EUR;/es-es/bicicletas/montana/alma/cat/alma-29-m15-19;
ALMA  M25 19;2.599;EUR;/es-es/bicicletas/montana/alma/cat/alma-29-m25-19;
ALMA  M30 19;1.999;EUR;/es-es/bicicletas/montana/alma/cat/alma-29-m30-19;
ALMA  M50 REBA 19;1.699;EUR;/es-es/bicicletas/montana/alma/cat/alma-29-m50-19;
ALMA  M50-EAGLE 19;1.699;EUR;/es-es/bicicletas/montana/alma/cat/alma-29-m50-eagle-19;
ALMA OMR+SPIRIT 19;2.999;EUR;/es-es/bicicletas/montana/alma/cat/alma-29-omr-spirit-19;
ALMA  OMR 19;2.499;EUR;/es-es/bicicletas/montana/alma/cat/alma-29-omr-19;
ALMA  H10 19;1.499;EUR;/es-es/bicicletas/montana/alma/cat/alma-29-h10-19;
ALMA  H30 XT 19;1.199;EUR;/es-es/bicicletas/montana/alma/cat/alma-29-h30-XT-19;
ALMA H30-EAGLE 19;1.199;EUR;/es-es/bicicletas/montana/alma/cat/alma-29-h30-eagle-19;
ALMA  H50 19;999;EUR;/es-es/bicicletas/montana/alma/cat/alma-29-h50-19;
SPIRIT FORK 19;499;EUR;/es-es/bicicletas/montana/alma/cat/spirit-29-fork-19;
RALLON M-LTD 19;8.999;EUR;/es-es/bicicletas/montana/rallon/cat/rallon-m-ltd-19;
RALLON M-TEAM 19;5.999;EUR;/es-es/bicicletas/montana/rallon/cat/rallon-m-team-19;
RALLON M10 19;4.599;EUR;/es-es/bicicletas/montana/rallon/cat/rallon-m10-19;
RALLON+FLOAT X2 19;3.499;EUR;/es-es/bicicletas/montana/rallon/cat/rallon-float-x2-19;
OCCAM AM M-LTD 19;7.499;EUR;/es-es/bicicletas/montana/occam-am/cat/occam-am-m-ltd-19;
OCCAM AM M10 19;4.999;EUR;/es-es/bicicletas/montana/occam-am/cat/occam-am-m10-19;
OCCAM AM M30 19;3.599;EUR;/es-es/bicicletas/montana/occam-am/cat/occam-am-m30-19;
OCCAM AM H10 19;3.099;EUR;/es-es/bicicletas/montana/occam-am/cat/occam-am-h10-19;
OCCAM AM H30 19;2.599;EUR;/es-es/bicicletas/montana/occam-am/cat/occam-am-h30-19;
OCCAM AM H50 19;1.999;EUR;/es-es/bicicletas/montana/occam-am/cat/occam-am-h50-19;
OCCAM AM M+DPS 19;2.999;EUR;/es-es/bicicletas/montana/occam-am/cat/occam-am-m-dps-19;
OCCAM TR M-LTD 19;7.499;EUR;/es-es/bicicletas/montana/occam-tr/cat/occam-tr-m-ltd-19;
OCCAM TR M10 19;4.999;EUR;/es-es/bicicletas/montana/occam-tr/cat/occam-tr-m10-19;
OCCAM TR M20PLUS 19;4.499;EUR;/es-es/bicicletas/montana/occam-tr/cat/occam-tr-m20plus-19;
OCCAM TR M30 19;3.599;EUR;/es-es/bicicletas/montana/occam-tr/cat/occam-tr-m30-19;
OCCAM TR H10 19;3.099;EUR;/es-es/bicicletas/montana/occam-tr/cat/occam-tr-h10-19;
OCCAM TR H20PLUS 19;2.799;EUR;/es-es/bicicletas/montana/occam-tr/cat/occam-tr-h20plus-19;
OCCAM TR H30 19;2.599;EUR;/es-es/bicicletas/montana/occam-tr/cat/occam-tr-h30-19;
OCCAM TR H50 19;1.999;EUR;/es-es/bicicletas/montana/occam-tr/cat/occam-tr-h50-19;
OCCAM TR M+DPS 19;2.999;EUR;/es-es/bicicletas/montana/occam-tr/cat/occam-tr-m-dps-19;
LAUFEY 27+ H-LTD 19;2.699;EUR;/es-es/bicicletas/montana/laufey/cat/laufey-27--h-ltd-19;
LAUFEY 27+ H10 19;1.999;EUR;/es-es/bicicletas/montana/laufey/cat/laufey-27--h10-19;
LAUFEY 27+ H30 19;1.299;EUR;/es-es/bicicletas/montana/laufey/cat/laufey-27--h30-19;
MX  10 19;899;EUR;/es-es/bicicletas/montana/mx/cat/mx-29-10-19;
MX 20 19;799;EUR;/es-es/bicicletas/montana/mx/cat/mx-29-20-19;
MX  30 19;699;EUR;/es-es/bicicletas/montana/mx/cat/mx-29-30-19;
MX  40 19;599;EUR;/es-es/bicicletas/montana/mx/cat/mx-29-40-19;
MX  50 19;499;EUR;/es-es/bicicletas/montana/mx/cat/mx-29-50-19;
MX  60 19;449;EUR;/es-es/bicicletas/montana/mx/cat/mx-29-60-19;
MX  ENT 10 19;899;EUR;/es-es/bicicletas/montana/mx/cat/mx-29-ent-10-19;
MX  ENT 20 19;799;EUR;/es-es/bicicletas/montana/mx/cat/mx-29-ent-20-19;
MX  ENT 30 19;699;EUR;/es-es/bicicletas/montana/mx/cat/mx-29-ent-30-19;
MX  ENT 40 19;599;EUR;/es-es/bicicletas/montana/mx/cat/mx-29-ent-40-19;
MX  ENT 50 19;499;EUR;/es-es/bicicletas/montana/mx/cat/mx-29-ent-50-19;
MX  ENT 60 19;449;EUR;/es-es/bicicletas/montana/mx/cat/mx-29-ent-60-19;
